Country,Coffee type,Total_domestic_consumption,Year,Consumption
Angola,Robusta/Arabica,46500000,1990,1200000
Bolivia (Plurinational State of),Arabica,75180000,1990,1500000
Brazil,Arabica/Robusta,27824700000,1990,492000000
Burundi,Arabica/Robusta,3412020,1990,120000
Ecuador,Arabica/Robusta,381540000,1990,21000000
Indonesia,Robusta/Arabica,4920480000,1990,74520000
Madagascar,Robusta,588705960,1990,21000000
Malawi,Arabica,2340000,1990,120000
Papua New Guinea,Arabica/Robusta,3608400,1990,180000
Paraguay,Arabica,35100000,1990,900000
Peru,Arabica,402000000,1990,11400000
Rwanda,Arabica,2139960,1990,60000
Timor-Leste,Arabica,294000,1990,0
Zimbabwe,Arabica,8595960,1990,480000
Congo,Robusta,5360040,1990,180000
Cuba,Arabica,384006000,1990,12780000
Dominican Republic,Arabica/Robusta,642823380,1990,19200000
Haiti,Arabica,600600000,1990,13200000
Philippines,Robusta/Arabica,2807280000,1990,43200000
Tanzania,Arabica/Robusta,76425060,1990,240000
Zambia,Arabica,991920,1990,90000
Cameroon,Robusta/Arabica,143450940,1990,4998000
Central African Republic,Robusta,24794400,1990,1680000
Colombia,Arabica,2536776384,1990,74100000
Costa Rica,Arabica,665335200,1990,22500000
Côte d'Ivoire,Robusta,410260140,1990,3000000
Democratic Republic of Congo,Robusta/Arabica,359880000,1990,12000000
El Salvador,Arabica,417242040,1990,10800000
Equatorial Guinea,Robusta,0,1990,0
Ethiopia,Arabica,4536540000,1990,72000000
Gabon,Robusta,1123140,1990,102000
Ghana,Robusta,9970800,1990,1020000
Guatemala,Arabica/Robusta,590880000,1990,18000000
Guinea,Robusta,86730000,1990,1500000
Guyana,Robusta,9203040,1990,0
Honduras,Arabica,471850680,1990,11289240
India,Robusta/Arabica,2093460000,1990,54180000
Jamaica,Arabica,18688020,1990,420000
Kenya,Arabica,95190000,1990,3000000
Lao People's Democratic Republic,Robusta,157980000,1990,0
Liberia,Robusta,8640000,1990,180000
Mexico,Arabica/Robusta,3189660000,1990,82440000
Nepal,Arabica,0,1990,0
Nicaragua,Arabica,299700300,1990,2040000
Nigeria,Robusta,70740000,1990,1650000
Panama,Arabica,122916960,1990,3780000
Sierra Leone,Robusta,10080000,1990,540000
Sri Lanka,Robusta/Arabica,58300020,1990,4000020
Thailand,Robusta/Arabica,1248600000,1990,11280000
Togo,Robusta,2167620,1990,60000
Trinidad & Tobago,Robusta,21090000,1990,480000
Uganda,Robusta/Arabica,284816400,1990,4200000
Venezuela,Arabica,2386067999,1990,46943400
Viet Nam,Robusta/Arabica,1920928320,1990,9000000
Yemen,Arabica,121620000,1990,0
Angola,Robusta/Arabica,46500000,1991,1800000
Bolivia (Plurinational State of),Arabica,75180000,1991,1620000
Brazil,Arabica/Robusta,27824700000,1991,510000000
Burundi,Arabica/Robusta,3412020,1991,96000
Ecuador,Arabica/Robusta,381540000,1991,21000000
Indonesia,Robusta/Arabica,4920480000,1991,76800000
Madagascar,Robusta,588705960,1991,18000000
Malawi,Arabica,2340000,1991,120000
Papua New Guinea,Arabica/Robusta,3608400,1991,180000
Paraguay,Arabica,35100000,1991,900000
Peru,Arabica,402000000,1991,11400000
Rwanda,Arabica,2139960,1991,60000
Timor-Leste,Arabica,294000,1991,0
Zimbabwe,Arabica,8595960,1991,480000
Congo,Robusta,5360040,1991,160020
Cuba,Arabica,384006000,1991,12780000
Dominican Republic,Arabica/Robusta,642823380,1991,19200000
Haiti,Arabica,600600000,1991,19800000
Philippines,Robusta/Arabica,2807280000,1991,45000000
Tanzania,Arabica/Robusta,76425060,1991,210000
Zambia,Arabica,991920,1991,90000
Cameroon,Robusta/Arabica,143450940,1991,4999980
Central African Republic,Robusta,24794400,1991,1680000
Colombia,Arabica,2536776384,1991,76140000
Costa Rica,Arabica,665335200,1991,22500000
Côte d'Ivoire,Robusta,410260140,1991,3000000
Democratic Republic of Congo,Robusta/Arabica,359880000,1991,12000000
El Salvador,Arabica,417242040,1991,10800000
Equatorial Guinea,Robusta,0,1991,0
Ethiopia,Arabica,4536540000,1991,75840000
Gabon,Robusta,1123140,1991,60000
Ghana,Robusta,9970800,1991,1020000
Guatemala,Arabica/Robusta,590880000,1991,18000000
Guinea,Robusta,86730000,1991,1500000
Guyana,Robusta,9203040,1991,0
Honduras,Arabica,471850680,1991,15426000
India,Robusta/Arabica,2093460000,1991,55000020
Jamaica,Arabica,18688020,1991,660000
Kenya,Arabica,95190000,1991,3000000
Lao People's Democratic Republic,Robusta,157980000,1991,0
Liberia,Robusta,8640000,1991,180000
Mexico,Arabica/Robusta,3189660000,1991,72000000
Nepal,Arabica,0,1991,0
Nicaragua,Arabica,299700300,1991,8280000
Nigeria,Robusta,70740000,1991,2145000
Panama,Arabica,122916960,1991,4020000
Sierra Leone,Robusta,10080000,1991,540000
Sri Lanka,Robusta/Arabica,58300020,1991,4020000
Thailand,Robusta/Arabica,1248600000,1991,13200000
Togo,Robusta,2167620,1991,60000
Trinidad & Tobago,Robusta,21090000,1991,690000
Uganda,Robusta/Arabica,284816400,1991,4500000
Venezuela,Arabica,2386067999,1991,48928800
Viet Nam,Robusta/Arabica,1920928320,1991,13800000
Yemen,Arabica,121620000,1991,0
Angola,Robusta/Arabica,46500000,1992,2100000
Bolivia (Plurinational State of),Arabica,75180000,1992,1650000
Brazil,Arabica/Robusta,27824700000,1992,534000000
Burundi,Arabica/Robusta,3412020,1992,102000
Ecuador,Arabica/Robusta,381540000,1992,21000000
Indonesia,Robusta/Arabica,4920480000,1992,79140000
Madagascar,Robusta,588705960,1992,21000000
Malawi,Arabica,2340000,1992,120000
Papua New Guinea,Arabica/Robusta,3608400,1992,180000
Paraguay,Arabica,35100000,1992,900000
Peru,Arabica,402000000,1992,12000000
Rwanda,Arabica,2139960,1992,60000
Timor-Leste,Arabica,294000,1992,0
Zimbabwe,Arabica,8595960,1992,480000
Congo,Robusta,5360040,1992,160020
Cuba,Arabica,384006000,1992,11700000
Dominican Republic,Arabica/Robusta,642823380,1992,19200000
Haiti,Arabica,600600000,1992,19800000
Philippines,Robusta/Arabica,2807280000,1992,45000000
Tanzania,Arabica/Robusta,76425060,1992,1152000
Zambia,Arabica,991920,1992,85920
Cameroon,Robusta/Arabica,143450940,1992,4999980
Central African Republic,Robusta,24794400,1992,1680000
Colombia,Arabica,2536776384,1992,78180000
Costa Rica,Arabica,665335200,1992,22500000
Côte d'Ivoire,Robusta,410260140,1992,3000000
Democratic Republic of Congo,Robusta/Arabica,359880000,1992,12000000
El Salvador,Arabica,417242040,1992,13800000
Equatorial Guinea,Robusta,0,1992,0
Ethiopia,Arabica,4536540000,1992,79860000
Gabon,Robusta,1123140,1992,48000
Ghana,Robusta,9970800,1992,1020000
Guatemala,Arabica/Robusta,590880000,1992,18000000
Guinea,Robusta,86730000,1992,3750000
Guyana,Robusta,9203040,1992,0
Honduras,Arabica,471850680,1992,14400000
India,Robusta/Arabica,2093460000,1992,55020000
Jamaica,Arabica,18688020,1992,360000
Kenya,Arabica,95190000,1992,3000000
Lao People's Democratic Republic,Robusta,157980000,1992,0
Liberia,Robusta,8640000,1992,180000
Mexico,Arabica/Robusta,3189660000,1992,78000000
Nepal,Arabica,0,1992,0
Nicaragua,Arabica,299700300,1992,3936000
Nigeria,Robusta,70740000,1992,2145000
Panama,Arabica,122916960,1992,4020000
Sierra Leone,Robusta,10080000,1992,540000
Sri Lanka,Robusta/Arabica,58300020,1992,1680000
Thailand,Robusta/Arabica,1248600000,1992,13980000
Togo,Robusta,2167620,1992,60000
Trinidad & Tobago,Robusta,21090000,1992,600000
Uganda,Robusta/Arabica,284816400,1992,4500000
Venezuela,Arabica,2386067999,1992,50998200
Viet Nam,Robusta/Arabica,1920928320,1992,15000000
Yemen,Arabica,121620000,1992,0
Angola,Robusta/Arabica,46500000,1993,1200000
Bolivia (Plurinational State of),Arabica,75180000,1993,1710000
Brazil,Arabica/Robusta,27824700000,1993,546000000
Burundi,Arabica/Robusta,3412020,1993,114600
Ecuador,Arabica/Robusta,381540000,1993,21000000
Indonesia,Robusta/Arabica,4920480000,1993,81540000
Madagascar,Robusta,588705960,1993,21600000
Malawi,Arabica,2340000,1993,120000
Papua New Guinea,Arabica/Robusta,3608400,1993,120000
Paraguay,Arabica,35100000,1993,1200000
Peru,Arabica,402000000,1993,12000000
Rwanda,Arabica,2139960,1993,60000
Timor-Leste,Arabica,294000,1993,0
Zimbabwe,Arabica,8595960,1993,499980
Congo,Robusta,5360040,1993,180000
Cuba,Arabica,384006000,1993,11646000
Dominican Republic,Arabica/Robusta,642823380,1993,19200000
Haiti,Arabica,600600000,1993,19800000
Philippines,Robusta/Arabica,2807280000,1993,46200000
Tanzania,Arabica/Robusta,76425060,1993,1050000
Zambia,Arabica,991920,1993,60000
Cameroon,Robusta/Arabica,143450940,1993,6000000
Central African Republic,Robusta,24794400,1993,1500000
Colombia,Arabica,2536776384,1993,80340000
Costa Rica,Arabica,665335200,1993,22500000
Côte d'Ivoire,Robusta,410260140,1993,3000000
Democratic Republic of Congo,Robusta/Arabica,359880000,1993,12000000
El Salvador,Arabica,417242040,1993,13800000
Equatorial Guinea,Robusta,0,1993,0
Ethiopia,Arabica,4536540000,1993,84120000
Gabon,Robusta,1123140,1993,48000
Ghana,Robusta,9970800,1993,1020000
Guatemala,Arabica/Robusta,590880000,1993,18600000
Guinea,Robusta,86730000,1993,1980000
Guyana,Robusta,9203040,1993,0
Honduras,Arabica,471850680,1993,13800000
India,Robusta/Arabica,2093460000,1993,49999980
Jamaica,Arabica,18688020,1993,576000
Kenya,Arabica,95190000,1993,3000000
Lao People's Democratic Republic,Robusta,157980000,1993,0
Liberia,Robusta,8640000,1993,300000
Mexico,Arabica/Robusta,3189660000,1993,64200000
Nepal,Arabica,0,1993,0
Nicaragua,Arabica,299700300,1993,6534000
Nigeria,Robusta,70740000,1993,2400000
Panama,Arabica,122916960,1993,4020000
Sierra Leone,Robusta,10080000,1993,300000
Sri Lanka,Robusta/Arabica,58300020,1993,1200000
Thailand,Robusta/Arabica,1248600000,1993,15000000
Togo,Robusta,2167620,1993,60000
Trinidad & Tobago,Robusta,21090000,1993,600000
Uganda,Robusta/Arabica,284816400,1993,4500000
Venezuela,Arabica,2386067999,1993,53155800
Viet Nam,Robusta/Arabica,1920928320,1993,16020000
Yemen,Arabica,121620000,1993,0
Angola,Robusta/Arabica,46500000,1994,1500000
Bolivia (Plurinational State of),Arabica,75180000,1994,1770000
Brazil,Arabica/Robusta,27824700000,1994,558000000
Burundi,Arabica/Robusta,3412020,1994,120000
Ecuador,Arabica/Robusta,381540000,1994,21000000
Indonesia,Robusta/Arabica,4920480000,1994,84000000
Madagascar,Robusta,588705960,1994,9999960
Malawi,Arabica,2340000,1994,120000
Papua New Guinea,Arabica/Robusta,3608400,1994,120000
Paraguay,Arabica,35100000,1994,1200000
Peru,Arabica,402000000,1994,12000000
Rwanda,Arabica,2139960,1994,60000
Timor-Leste,Arabica,294000,1994,0
Zimbabwe,Arabica,8595960,1994,499980
Congo,Robusta,5360040,1994,180000
Cuba,Arabica,384006000,1994,11640000
Dominican Republic,Arabica/Robusta,642823380,1994,19800000
Haiti,Arabica,600600000,1994,19800000
Philippines,Robusta/Arabica,2807280000,1994,47400000
Tanzania,Arabica/Robusta,76425060,1994,1050000
Zambia,Arabica,991920,1994,90000
Cameroon,Robusta/Arabica,143450940,1994,6000000
Central African Republic,Robusta,24794400,1994,900000
Colombia,Arabica,2536776384,1994,82500000
Costa Rica,Arabica,665335200,1994,22500000
Côte d'Ivoire,Robusta,410260140,1994,3000000
Democratic Republic of Congo,Robusta/Arabica,359880000,1994,12000000
El Salvador,Arabica,417242040,1994,13800000
Equatorial Guinea,Robusta,0,1994,0
Ethiopia,Arabica,4536540000,1994,88560000
Gabon,Robusta,1123140,1994,60000
Ghana,Robusta,9970800,1994,1680000
Guatemala,Arabica/Robusta,590880000,1994,18600000
Guinea,Robusta,86730000,1994,3000000
Guyana,Robusta,9203040,1994,0
Honduras,Arabica,471850680,1994,15180000
India,Robusta/Arabica,2093460000,1994,50100000
Jamaica,Arabica,18688020,1994,900000
Kenya,Arabica,95190000,1994,3000000
Lao People's Democratic Republic,Robusta,157980000,1994,0
Liberia,Robusta,8640000,1994,300000
Mexico,Arabica/Robusta,3189660000,1994,61200000
Nepal,Arabica,0,1994,0
Nicaragua,Arabica,299700300,1994,5376000
Nigeria,Robusta,70740000,1994,2400000
Panama,Arabica,122916960,1994,4600020
Sierra Leone,Robusta,10080000,1994,300000
Sri Lanka,Robusta/Arabica,58300020,1994,1200000
Thailand,Robusta/Arabica,1248600000,1994,16980000
Togo,Robusta,2167620,1994,60000
Trinidad & Tobago,Robusta,21090000,1994,840000
Uganda,Robusta/Arabica,284816400,1994,4800000
Venezuela,Arabica,2386067999,1994,55404000
Viet Nam,Robusta/Arabica,1920928320,1994,16020000
Yemen,Arabica,121620000,1994,0
Angola,Robusta/Arabica,46500000,1995,600000
Bolivia (Plurinational State of),Arabica,75180000,1995,1830000
Brazil,Arabica/Robusta,27824700000,1995,606000000
Burundi,Arabica/Robusta,3412020,1995,120000
Ecuador,Arabica/Robusta,381540000,1995,21000000
Indonesia,Robusta/Arabica,4920480000,1995,86580000
Madagascar,Robusta,588705960,1995,10020000
Malawi,Arabica,2340000,1995,120000
Papua New Guinea,Arabica/Robusta,3608400,1995,120000
Paraguay,Arabica,35100000,1995,1200000
Peru,Arabica,402000000,1995,12000000
Rwanda,Arabica,2139960,1995,60000
Timor-Leste,Arabica,294000,1995,0
Zimbabwe,Arabica,8595960,1995,396000
Congo,Robusta,5360040,1995,180000
Cuba,Arabica,384006000,1995,11640000
Dominican Republic,Arabica/Robusta,642823380,1995,21000000
Haiti,Arabica,600600000,1995,19800000
Philippines,Robusta/Arabica,2807280000,1995,48600000
Tanzania,Arabica/Robusta,76425060,1995,816000
Zambia,Arabica,991920,1995,36000
Cameroon,Robusta/Arabica,143450940,1995,6000000
Central African Republic,Robusta,24794400,1995,600000
Colombia,Arabica,2536776384,1995,81540000
Costa Rica,Arabica,665335200,1995,22500000
Côte d'Ivoire,Robusta,410260140,1995,3000000
Democratic Republic of Congo,Robusta/Arabica,359880000,1995,12000000
El Salvador,Arabica,417242040,1995,16200000
Equatorial Guinea,Robusta,0,1995,0
Ethiopia,Arabica,4536540000,1995,93300000
Gabon,Robusta,1123140,1995,48000
Ghana,Robusta,9970800,1995,1680000
Guatemala,Arabica/Robusta,590880000,1995,18600000
Guinea,Robusta,86730000,1995,3000000
Guyana,Robusta,9203040,1995,0
Honduras,Arabica,471850680,1995,9660000
India,Robusta/Arabica,2093460000,1995,50220000
Jamaica,Arabica,18688020,1995,900000
Kenya,Arabica,95190000,1995,3000000
Lao People's Democratic Republic,Robusta,157980000,1995,0
Liberia,Robusta,8640000,1995,300000
Mexico,Arabica/Robusta,3189660000,1995,70740000
Nepal,Arabica,0,1995,0
Nicaragua,Arabica,299700300,1995,6690000
Nigeria,Robusta,70740000,1995,2400000
Panama,Arabica,122916960,1995,4600020
Sierra Leone,Robusta,10080000,1995,480000
Sri Lanka,Robusta/Arabica,58300020,1995,1200000
Thailand,Robusta/Arabica,1248600000,1995,25020000
Togo,Robusta,2167620,1995,60000
Trinidad & Tobago,Robusta,21090000,1995,840000
Uganda,Robusta/Arabica,284816400,1995,4800000
Venezuela,Arabica,2386067999,1995,57747600
Viet Nam,Robusta/Arabica,1920928320,1995,16910700
Yemen,Arabica,121620000,1995,0
Angola,Robusta/Arabica,46500000,1996,1200000
Bolivia (Plurinational State of),Arabica,75180000,1996,1890000
Brazil,Arabica/Robusta,27824700000,1996,660000000
Burundi,Arabica/Robusta,3412020,1996,120000
Ecuador,Arabica/Robusta,381540000,1996,18000000
Indonesia,Robusta/Arabica,4920480000,1996,89160000
Madagascar,Robusta,588705960,1996,10020000
Malawi,Arabica,2340000,1996,120000
Papua New Guinea,Arabica/Robusta,3608400,1996,120000
Paraguay,Arabica,35100000,1996,1200000
Peru,Arabica,402000000,1996,12000000
Rwanda,Arabica,2139960,1996,60000
Timor-Leste,Arabica,294000,1996,0
Zimbabwe,Arabica,8595960,1996,240000
Congo,Robusta,5360040,1996,180000
Cuba,Arabica,384006000,1996,11340000
Dominican Republic,Arabica/Robusta,642823380,1996,19500000
Haiti,Arabica,600600000,1996,19800000
Philippines,Robusta/Arabica,2807280000,1996,49860000
Tanzania,Arabica/Robusta,76425060,1996,996000
Zambia,Arabica,991920,1996,60000
Cameroon,Robusta/Arabica,143450940,1996,6000000
Central African Republic,Robusta,24794400,1996,600000
Colombia,Arabica,2536776384,1996,80580000
Costa Rica,Arabica,665335200,1996,22500000
Côte d'Ivoire,Robusta,410260140,1996,3000000
Democratic Republic of Congo,Robusta/Arabica,359880000,1996,12000000
El Salvador,Arabica,417242040,1996,13800000
Equatorial Guinea,Robusta,0,1996,0
Ethiopia,Arabica,4536540000,1996,98220000
Gabon,Robusta,1123140,1996,49980
Ghana,Robusta,9970800,1996,180000
Guatemala,Arabica/Robusta,590880000,1996,18000000
Guinea,Robusta,86730000,1996,3000000
Guyana,Robusta,9203040,1996,0
Honduras,Arabica,471850680,1996,10075440
India,Robusta/Arabica,2093460000,1996,50280000
Jamaica,Arabica,18688020,1996,1080000
Kenya,Arabica,95190000,1996,3000000
Lao People's Democratic Republic,Robusta,157980000,1996,0
Liberia,Robusta,8640000,1996,300000
Mexico,Arabica/Robusta,3189660000,1996,74100000
Nepal,Arabica,0,1996,0
Nicaragua,Arabica,299700300,1996,5722200
Nigeria,Robusta,70740000,1996,2400000
Panama,Arabica,122916960,1996,4600020
Sierra Leone,Robusta,10080000,1996,480000
Sri Lanka,Robusta/Arabica,58300020,1996,1200000
Thailand,Robusta/Arabica,1248600000,1996,19980000
Togo,Robusta,2167620,1996,60000
Trinidad & Tobago,Robusta,21090000,1996,840000
Uganda,Robusta/Arabica,284816400,1996,4800000
Venezuela,Arabica,2386067999,1996,60190800
Viet Nam,Robusta/Arabica,1920928320,1996,17850960
Yemen,Arabica,121620000,1996,0
Angola,Robusta/Arabica,46500000,1997,2400000
Bolivia (Plurinational State of),Arabica,75180000,1997,1950000
Brazil,Arabica/Robusta,27824700000,1997,690000000
Burundi,Arabica/Robusta,3412020,1997,120000
Ecuador,Arabica/Robusta,381540000,1997,18000000
Indonesia,Robusta/Arabica,4920480000,1997,91920000
Madagascar,Robusta,588705960,1997,10020000
Malawi,Arabica,2340000,1997,120000
Papua New Guinea,Arabica/Robusta,3608400,1997,120000
Paraguay,Arabica,35100000,1997,1200000
Peru,Arabica,402000000,1997,12000000
Rwanda,Arabica,2139960,1997,180000
Timor-Leste,Arabica,294000,1997,0
Zimbabwe,Arabica,8595960,1997,240000
Congo,Robusta,5360040,1997,180000
Cuba,Arabica,384006000,1997,11700000
Dominican Republic,Arabica/Robusta,642823380,1997,19500000
Haiti,Arabica,600600000,1997,19800000
Philippines,Robusta/Arabica,2807280000,1997,51180000
Tanzania,Arabica/Robusta,76425060,1997,1020000
Zambia,Arabica,991920,1997,36000
Cameroon,Robusta/Arabica,143450940,1997,6000000
Central African Republic,Robusta,24794400,1997,600000
Colombia,Arabica,2536776384,1997,79680000
Costa Rica,Arabica,665335200,1997,22500000
Côte d'Ivoire,Robusta,410260140,1997,3000000
Democratic Republic of Congo,Robusta/Arabica,359880000,1997,12000000
El Salvador,Arabica,417242040,1997,11500020
Equatorial Guinea,Robusta,0,1997,0
Ethiopia,Arabica,4536540000,1997,103440000
Gabon,Robusta,1123140,1997,48000
Ghana,Robusta,9970800,1997,180000
Guatemala,Arabica/Robusta,590880000,1997,18000000
Guinea,Robusta,86730000,1997,3000000
Guyana,Robusta,9203040,1997,0
Honduras,Arabica,471850680,1997,9660000
India,Robusta/Arabica,2093460000,1997,50340000
Jamaica,Arabica,18688020,1997,1200000
Kenya,Arabica,95190000,1997,3000000
Lao People's Democratic Republic,Robusta,157980000,1997,0
Liberia,Robusta,8640000,1997,300000
Mexico,Arabica/Robusta,3189660000,1997,72060000
Nepal,Arabica,0,1997,0
Nicaragua,Arabica,299700300,1997,7380000
Nigeria,Robusta,70740000,1997,2400000
Panama,Arabica,122916960,1997,4836900
Sierra Leone,Robusta,10080000,1997,300000
Sri Lanka,Robusta/Arabica,58300020,1997,1200000
Thailand,Robusta/Arabica,1248600000,1997,23400000
Togo,Robusta,2167620,1997,60000
Trinidad & Tobago,Robusta,21090000,1997,840000
Uganda,Robusta/Arabica,284816400,1997,6071400
Venezuela,Arabica,2386067999,1997,62736599
Viet Nam,Robusta/Arabica,1920928320,1997,18843480
Yemen,Arabica,121620000,1997,0
Angola,Robusta/Arabica,46500000,1998,1800000
Bolivia (Plurinational State of),Arabica,75180000,1998,1980000
Brazil,Arabica/Robusta,27824700000,1998,732000000
Burundi,Arabica/Robusta,3412020,1998,120000
Ecuador,Arabica/Robusta,381540000,1998,18000000
Indonesia,Robusta/Arabica,4920480000,1998,94680000
Madagascar,Robusta,588705960,1998,10020000
Malawi,Arabica,2340000,1998,120000
Papua New Guinea,Arabica/Robusta,3608400,1998,60000
Paraguay,Arabica,35100000,1998,1200000
Peru,Arabica,402000000,1998,12000000
Rwanda,Arabica,2139960,1998,180000
Timor-Leste,Arabica,294000,1998,0
Zimbabwe,Arabica,8595960,1998,240000
Congo,Robusta,5360040,1998,180000
Cuba,Arabica,384006000,1998,12000000
Dominican Republic,Arabica/Robusta,642823380,1998,19500000
Haiti,Arabica,600600000,1998,19800000
Philippines,Robusta/Arabica,2807280000,1998,48600000
Tanzania,Arabica/Robusta,76425060,1998,1020000
Zambia,Arabica,991920,1998,36000
Cameroon,Robusta/Arabica,143450940,1998,6000000
Central African Republic,Robusta,24794400,1998,1140000
Colombia,Arabica,2536776384,1998,78720000
Costa Rica,Arabica,665335200,1998,22500000
Côte d'Ivoire,Robusta,410260140,1998,3000000
Democratic Republic of Congo,Robusta/Arabica,359880000,1998,12000000
El Salvador,Arabica,417242040,1998,11500020
Equatorial Guinea,Robusta,0,1998,0
Ethiopia,Arabica,4536540000,1998,108960000
Gabon,Robusta,1123140,1998,48000
Ghana,Robusta,9970800,1998,60000
Guatemala,Arabica/Robusta,590880000,1998,18000000
Guinea,Robusta,86730000,1998,3000000
Guyana,Robusta,9203040,1998,292020
Honduras,Arabica,471850680,1998,8280000
India,Robusta/Arabica,2093460000,1998,54000000
Jamaica,Arabica,18688020,1998,888000
Kenya,Arabica,95190000,1998,3000000
Lao People's Democratic Republic,Robusta,157980000,1998,0
Liberia,Robusta,8640000,1998,300000
Mexico,Arabica/Robusta,3189660000,1998,66480000
Nepal,Arabica,0,1998,0
Nicaragua,Arabica,299700300,1998,7590000
Nigeria,Robusta,70740000,1998,2400000
Panama,Arabica,122916960,1998,4020000
Sierra Leone,Robusta,10080000,1998,300000
Sri Lanka,Robusta/Arabica,58300020,1998,1800000
Thailand,Robusta/Arabica,1248600000,1998,25980000
Togo,Robusta,2167620,1998,120000
Trinidad & Tobago,Robusta,21090000,1998,840000
Uganda,Robusta/Arabica,284816400,1998,6960000
Venezuela,Arabica,2386067999,1998,65390400
Viet Nam,Robusta/Arabica,1920928320,1998,19891140
Yemen,Arabica,121620000,1998,0
Angola,Robusta/Arabica,46500000,1999,1200000
Bolivia (Plurinational State of),Arabica,75180000,1999,2040000
Brazil,Arabica/Robusta,27824700000,1999,762000000
Burundi,Arabica/Robusta,3412020,1999,120000
Ecuador,Arabica/Robusta,381540000,1999,13800000
Indonesia,Robusta/Arabica,4920480000,1999,97560000
Madagascar,Robusta,588705960,1999,3360000
Malawi,Arabica,2340000,1999,60000
Papua New Guinea,Arabica/Robusta,3608400,1999,120000
Paraguay,Arabica,35100000,1999,1200000
Peru,Arabica,402000000,1999,12000000
Rwanda,Arabica,2139960,1999,120000
Timor-Leste,Arabica,294000,1999,0
Zimbabwe,Arabica,8595960,1999,240000
Congo,Robusta,5360040,1999,180000
Cuba,Arabica,384006000,1999,12000000
Dominican Republic,Arabica/Robusta,642823380,1999,19500000
Haiti,Arabica,600600000,1999,20400000
Philippines,Robusta/Arabica,2807280000,1999,51720000
Tanzania,Arabica/Robusta,76425060,1999,840000
Zambia,Arabica,991920,1999,36000
Cameroon,Robusta/Arabica,143450940,1999,6000000
Central African Republic,Robusta,24794400,1999,1260000
Colombia,Arabica,2536776384,1999,77820000
Costa Rica,Arabica,665335200,1999,22500000
Côte d'Ivoire,Robusta,410260140,1999,3000000
Democratic Republic of Congo,Robusta/Arabica,359880000,1999,12000000
El Salvador,Arabica,417242040,1999,9198000
Equatorial Guinea,Robusta,0,1999,0
Ethiopia,Arabica,4536540000,1999,114720000
Gabon,Robusta,1123140,1999,42900
Ghana,Robusta,9970800,1999,60000
Guatemala,Arabica/Robusta,590880000,1999,18000000
Guinea,Robusta,86730000,1999,3000000
Guyana,Robusta,9203040,1999,261000
Honduras,Arabica,471850680,1999,10080000
India,Robusta/Arabica,2093460000,1999,55500000
Jamaica,Arabica,18688020,1999,660000
Kenya,Arabica,95190000,1999,3000000
Lao People's Democratic Republic,Robusta,157980000,1999,0
Liberia,Robusta,8640000,1999,300000
Mexico,Arabica/Robusta,3189660000,1999,69000000
Nepal,Arabica,0,1999,0
Nicaragua,Arabica,299700300,1999,7818000
Nigeria,Robusta,70740000,1999,2400000
Panama,Arabica,122916960,1999,4020000
Sierra Leone,Robusta,10080000,1999,300000
Sri Lanka,Robusta/Arabica,58300020,1999,1800000
Thailand,Robusta/Arabica,1248600000,1999,25980000
Togo,Robusta,2167620,1999,120000
Trinidad & Tobago,Robusta,21090000,1999,840000
Uganda,Robusta/Arabica,284816400,1999,7140000
Venezuela,Arabica,2386067999,1999,68156400
Viet Nam,Robusta/Arabica,1920928320,1999,21000000
Yemen,Arabica,121620000,1999,0
Angola,Robusta/Arabica,46500000,2000,1200000
Bolivia (Plurinational State of),Arabica,75180000,2000,2100000
Brazil,Arabica/Robusta,27824700000,2000,792000000
Burundi,Arabica/Robusta,3412020,2000,120000
Ecuador,Arabica/Robusta,381540000,2000,12000000
Indonesia,Robusta/Arabica,4920480000,2000,100560000
Madagascar,Robusta,588705960,2000,5346000
Malawi,Arabica,2340000,2000,60000
Papua New Guinea,Arabica/Robusta,3608400,2000,120000
Paraguay,Arabica,35100000,2000,1200000
Peru,Arabica,402000000,2000,12000000
Rwanda,Arabica,2139960,2000,120000
Timor-Leste,Arabica,294000,2000,0
Zimbabwe,Arabica,8595960,2000,240000
Congo,Robusta,5360040,2000,180000
Cuba,Arabica,384006000,2000,12780000
Dominican Republic,Arabica/Robusta,642823380,2000,19500000
Haiti,Arabica,600600000,2000,20400000
Philippines,Robusta/Arabica,2807280000,2000,49200000
Tanzania,Arabica/Robusta,76425060,2000,900000
Zambia,Arabica,991920,2000,36000
Cameroon,Robusta/Arabica,143450940,2000,4500000
Central African Republic,Robusta,24794400,2000,180000
Colombia,Arabica,2536776384,2000,76920000
Costa Rica,Arabica,665335200,2000,22500000
Côte d'Ivoire,Robusta,410260140,2000,19000020
Democratic Republic of Congo,Robusta/Arabica,359880000,2000,12000000
El Salvador,Arabica,417242040,2000,8640000
Equatorial Guinea,Robusta,0,2000,0
Ethiopia,Arabica,4536540000,2000,120840000
Gabon,Robusta,1123140,2000,18000
Ghana,Robusta,9970800,2000,60000
Guatemala,Arabica/Robusta,590880000,2000,18000000
Guinea,Robusta,86730000,2000,3000000
Guyana,Robusta,9203040,2000,112980
Honduras,Arabica,471850680,2000,13800000
India,Robusta/Arabica,2093460000,2000,58500000
Jamaica,Arabica,18688020,2000,724020
Kenya,Arabica,95190000,2000,3000000
Lao People's Democratic Republic,Robusta,157980000,2000,0
Liberia,Robusta,8640000,2000,300000
Mexico,Arabica/Robusta,3189660000,2000,78300000
Nepal,Arabica,0,2000,0
Nicaragua,Arabica,299700300,2000,10495800
Nigeria,Robusta,70740000,2000,2400000
Panama,Arabica,122916960,2000,4020000
Sierra Leone,Robusta,10080000,2000,300000
Sri Lanka,Robusta/Arabica,58300020,2000,1800000
Thailand,Robusta/Arabica,1248600000,2000,30000000
Togo,Robusta,2167620,2000,120000
Trinidad & Tobago,Robusta,21090000,2000,840000
Uganda,Robusta/Arabica,284816400,2000,8520000
Venezuela,Arabica,2386067999,2000,71039400
Viet Nam,Robusta/Arabica,1920928320,2000,24097500
Yemen,Arabica,121620000,2000,0
Angola,Robusta/Arabica,46500000,2001,1200000
Bolivia (Plurinational State of),Arabica,75180000,2001,2190000
Brazil,Arabica/Robusta,27824700000,2001,815400000
Burundi,Arabica/Robusta,3412020,2001,120000
Ecuador,Arabica/Robusta,381540000,2001,12000000
Indonesia,Robusta/Arabica,4920480000,2001,120000000
Madagascar,Robusta,588705960,2001,7680000
Malawi,Arabica,2340000,2001,60000
Papua New Guinea,Arabica/Robusta,3608400,2001,120000
Paraguay,Arabica,35100000,2001,1200000
Peru,Arabica,402000000,2001,12000000
Rwanda,Arabica,2139960,2001,120000
Timor-Leste,Arabica,294000,2001,0
Zimbabwe,Arabica,8595960,2001,240000
Congo,Robusta,5360040,2001,180000
Cuba,Arabica,384006000,2001,13200000
Dominican Republic,Arabica/Robusta,642823380,2001,20411880
Haiti,Arabica,600600000,2001,20400000
Philippines,Robusta/Arabica,2807280000,2001,49260000
Tanzania,Arabica/Robusta,76425060,2001,900000
Zambia,Arabica,991920,2001,36000
Cameroon,Robusta/Arabica,143450940,2001,4140000
Central African Republic,Robusta,24794400,2001,180000
Colombia,Arabica,2536776384,2001,76020000
Costa Rica,Arabica,665335200,2001,22500000
Côte d'Ivoire,Robusta,410260140,2001,19000020
Democratic Republic of Congo,Robusta/Arabica,359880000,2001,12000000
El Salvador,Arabica,417242040,2001,9198000
Equatorial Guinea,Robusta,0,2001,0
Ethiopia,Arabica,4536540000,2001,127260000
Gabon,Robusta,1123140,2001,18000
Ghana,Robusta,9970800,2001,60000
Guatemala,Arabica/Robusta,590880000,2001,18000000
Guinea,Robusta,86730000,2001,3000000
Guyana,Robusta,9203040,2001,250020
Honduras,Arabica,471850680,2001,12000000
India,Robusta/Arabica,2093460000,2001,64020000
Jamaica,Arabica,18688020,2001,600000
Kenya,Arabica,95190000,2001,3000000
Lao People's Democratic Republic,Robusta,157980000,2001,0
Liberia,Robusta,8640000,2001,300000
Mexico,Arabica/Robusta,3189660000,2001,90000000
Nepal,Arabica,0,2001,0
Nicaragua,Arabica,299700300,2001,10639380
Nigeria,Robusta,70740000,2001,2400000
Panama,Arabica,122916960,2001,4020000
Sierra Leone,Robusta,10080000,2001,300000
Sri Lanka,Robusta/Arabica,58300020,2001,1800000
Thailand,Robusta/Arabica,1248600000,2001,30000000
Togo,Robusta,2167620,2001,120000
Trinidad & Tobago,Robusta,21090000,2001,840000
Uganda,Robusta/Arabica,284816400,2001,8460000
Venezuela,Arabica,2386067999,2001,74044200
Viet Nam,Robusta/Arabica,1920928320,2001,27651900
Yemen,Arabica,121620000,2001,0
Angola,Robusta/Arabica,46500000,2002,1200000
Bolivia (Plurinational State of),Arabica,75180000,2002,2250000
Brazil,Arabica/Robusta,27824700000,2002,825000000
Burundi,Arabica/Robusta,3412020,2002,120000
Ecuador,Arabica/Robusta,381540000,2002,9000000
Indonesia,Robusta/Arabica,4920480000,2002,106740000
Madagascar,Robusta,588705960,2002,13020000
Malawi,Arabica,2340000,2002,60000
Papua New Guinea,Arabica/Robusta,3608400,2002,120000
Paraguay,Arabica,35100000,2002,1200000
Peru,Arabica,402000000,2002,13200000
Rwanda,Arabica,2139960,2002,19980
Timor-Leste,Arabica,294000,2002,0
Zimbabwe,Arabica,8595960,2002,240000
Congo,Robusta,5360040,2002,180000
Cuba,Arabica,384006000,2002,13440000
Dominican Republic,Arabica/Robusta,642823380,2002,20411880
Haiti,Arabica,600600000,2002,20400000
Philippines,Robusta/Arabica,2807280000,2002,49740000
Tanzania,Arabica/Robusta,76425060,2002,900000
Zambia,Arabica,991920,2002,36000
Cameroon,Robusta/Arabica,143450940,2002,4140000
Central African Republic,Robusta,24794400,2002,227220
Colombia,Arabica,2536776384,2002,75120000
Costa Rica,Arabica,665335200,2002,22500000
Côte d'Ivoire,Robusta,410260140,2002,19000020
Democratic Republic of Congo,Robusta/Arabica,359880000,2002,12000000
El Salvador,Arabica,417242040,2002,9198000
Equatorial Guinea,Robusta,0,2002,0
Ethiopia,Arabica,4536540000,2002,134040000
Gabon,Robusta,1123140,2002,18000
Ghana,Robusta,9970800,2002,60000
Guatemala,Arabica/Robusta,590880000,2002,18000000
Guinea,Robusta,86730000,2002,3000000
Guyana,Robusta,9203040,2002,261000
Honduras,Arabica,471850680,2002,12000000
India,Robusta/Arabica,2093460000,2002,67980000
Jamaica,Arabica,18688020,2002,540000
Kenya,Arabica,95190000,2002,3000000
Lao People's Democratic Republic,Robusta,157980000,2002,9480000
Liberia,Robusta,8640000,2002,300000
Mexico,Arabica/Robusta,3189660000,2002,90000000
Nepal,Arabica,0,2002,0
Nicaragua,Arabica,299700300,2002,10777440
Nigeria,Robusta,70740000,2002,2400000
Panama,Arabica,122916960,2002,4020000
Sierra Leone,Robusta,10080000,2002,300000
Sri Lanka,Robusta/Arabica,58300020,2002,1800000
Thailand,Robusta/Arabica,1248600000,2002,30000000
Togo,Robusta,2167620,2002,120000
Trinidad & Tobago,Robusta,21090000,2002,840000
Uganda,Robusta/Arabica,284816400,2002,8400000
Venezuela,Arabica,2386067999,2002,77176200
Viet Nam,Robusta/Arabica,1920928320,2002,31130520
Yemen,Arabica,121620000,2002,0
Angola,Robusta/Arabica,46500000,2003,900000
Bolivia (Plurinational State of),Arabica,75180000,2003,2310000
Brazil,Arabica/Robusta,27824700000,2003,852000000
Burundi,Arabica/Robusta,3412020,2003,120000
Ecuador,Arabica/Robusta,381540000,2003,9000000
Indonesia,Robusta/Arabica,4920480000,2003,109980000
Madagascar,Robusta,588705960,2003,19980000
Malawi,Arabica,2340000,2003,60000
Papua New Guinea,Arabica/Robusta,3608400,2003,120000
Paraguay,Arabica,35100000,2003,1200000
Peru,Arabica,402000000,2003,13200000
Rwanda,Arabica,2139960,2003,19980
Timor-Leste,Arabica,294000,2003,0
Zimbabwe,Arabica,8595960,2003,240000
Congo,Robusta,5360040,2003,180000
Cuba,Arabica,384006000,2003,13440000
Dominican Republic,Arabica/Robusta,642823380,2003,20400000
Haiti,Arabica,600600000,2003,20400000
Philippines,Robusta/Arabica,2807280000,2003,55020000
Tanzania,Arabica/Robusta,76425060,2003,1620000
Zambia,Arabica,991920,2003,36000
Cameroon,Robusta/Arabica,143450940,2003,4140000
Central African Republic,Robusta,24794400,2003,227220
Colombia,Arabica,2536776384,2003,74220000
Costa Rica,Arabica,665335200,2003,22500000
Côte d'Ivoire,Robusta,410260140,2003,19000020
Democratic Republic of Congo,Robusta/Arabica,359880000,2003,12000000
El Salvador,Arabica,417242040,2003,9198000
Equatorial Guinea,Robusta,0,2003,0
Ethiopia,Arabica,4536540000,2003,141180000
Gabon,Robusta,1123140,2003,18000
Ghana,Robusta,9970800,2003,60000
Guatemala,Arabica/Robusta,590880000,2003,18000000
Guinea,Robusta,86730000,2003,3000000
Guyana,Robusta,9203040,2003,285000
Honduras,Arabica,471850680,2003,12000000
India,Robusta/Arabica,2093460000,2003,70020000
Jamaica,Arabica,18688020,2003,540000
Kenya,Arabica,95190000,2003,3000000
Lao People's Democratic Republic,Robusta,157980000,2003,6180000
Liberia,Robusta,8640000,2003,300000
Mexico,Arabica/Robusta,3189660000,2003,90000000
Nepal,Arabica,0,2003,0
Nicaragua,Arabica,299700300,2003,10914900
Nigeria,Robusta,70740000,2003,2400000
Panama,Arabica,122916960,2003,4020000
Sierra Leone,Robusta,10080000,2003,300000
Sri Lanka,Robusta/Arabica,58300020,2003,1800000
Thailand,Robusta/Arabica,1248600000,2003,30000000
Togo,Robusta,2167620,2003,120000
Trinidad & Tobago,Robusta,21090000,2003,840000
Uganda,Robusta/Arabica,284816400,2003,7860000
Venezuela,Arabica,2386067999,2003,80440800
Viet Nam,Robusta/Arabica,1920928320,2003,36410760
Yemen,Arabica,121620000,2003,8760000
Angola,Robusta/Arabica,46500000,2004,900000
Bolivia (Plurinational State of),Arabica,75180000,2004,2700000
Brazil,Arabica/Robusta,27824700000,2004,896760000
Burundi,Arabica/Robusta,3412020,2004,120000
Ecuador,Arabica/Robusta,381540000,2004,9000000
Indonesia,Robusta/Arabica,4920480000,2004,120000000
Madagascar,Robusta,588705960,2004,28020000
Malawi,Arabica,2340000,2004,60000
Papua New Guinea,Arabica/Robusta,3608400,2004,120000
Paraguay,Arabica,35100000,2004,1200000
Peru,Arabica,402000000,2004,13200000
Rwanda,Arabica,2139960,2004,60000
Timor-Leste,Arabica,294000,2004,0
Zimbabwe,Arabica,8595960,2004,240000
Congo,Robusta,5360040,2004,180000
Cuba,Arabica,384006000,2004,13440000
Dominican Republic,Arabica/Robusta,642823380,2004,22679880
Haiti,Arabica,600600000,2004,20400000
Philippines,Robusta/Arabica,2807280000,2004,61200000
Tanzania,Arabica/Robusta,76425060,2004,2220000
Zambia,Arabica,991920,2004,36000
Cameroon,Robusta/Arabica,143450940,2004,4140000
Central African Republic,Robusta,24794400,2004,180000
Colombia,Arabica,2536776384,2004,73380000
Costa Rica,Arabica,665335200,2004,22500000
Côte d'Ivoire,Robusta,410260140,2004,19000020
Democratic Republic of Congo,Robusta/Arabica,359880000,2004,12000000
El Salvador,Arabica,417242040,2004,10350000
Equatorial Guinea,Robusta,0,2004,0
Ethiopia,Arabica,4536540000,2004,148680000
Gabon,Robusta,1123140,2004,18000
Ghana,Robusta,9970800,2004,95400
Guatemala,Arabica/Robusta,590880000,2004,18000000
Guinea,Robusta,86730000,2004,3000000
Guyana,Robusta,9203040,2004,330000
Honduras,Arabica,471850680,2004,13800000
India,Robusta/Arabica,2093460000,2004,72120000
Jamaica,Arabica,18688020,2004,540000
Kenya,Arabica,95190000,2004,3000000
Lao People's Democratic Republic,Robusta,157980000,2004,8100000
Liberia,Robusta,8640000,2004,300000
Mexico,Arabica/Robusta,3189660000,2004,90000000
Nepal,Arabica,0,2004,0
Nicaragua,Arabica,299700300,2004,11056680
Nigeria,Robusta,70740000,2004,2400000
Panama,Arabica,122916960,2004,4020000
Sierra Leone,Robusta,10080000,2004,300000
Sri Lanka,Robusta/Arabica,58300020,2004,1800000
Thailand,Robusta/Arabica,1248600000,2004,30000000
Togo,Robusta,2167620,2004,120000
Trinidad & Tobago,Robusta,21090000,2004,840000
Uganda,Robusta/Arabica,284816400,2004,8400000
Venezuela,Arabica,2386067999,2004,83843400
Viet Nam,Robusta/Arabica,1920928320,2004,41781360
Yemen,Arabica,121620000,2004,8160000
Angola,Robusta/Arabica,46500000,2005,900000
Bolivia (Plurinational State of),Arabica,75180000,2005,2460000
Brazil,Arabica/Robusta,27824700000,2005,932280000
Burundi,Arabica/Robusta,3412020,2005,114360
Ecuador,Arabica/Robusta,381540000,2005,9000000
Indonesia,Robusta/Arabica,4920480000,2005,150000000
Madagascar,Robusta,588705960,2005,28020000
Malawi,Arabica,2340000,2005,60000
Papua New Guinea,Arabica/Robusta,3608400,2005,120000
Paraguay,Arabica,35100000,2005,1200000
Peru,Arabica,402000000,2005,13200000
Rwanda,Arabica,2139960,2005,60000
Timor-Leste,Arabica,294000,2005,0
Zimbabwe,Arabica,8595960,2005,240000
Congo,Robusta,5360040,2005,180000
Cuba,Arabica,384006000,2005,13440000
Dominican Republic,Arabica/Robusta,642823380,2005,22679880
Haiti,Arabica,600600000,2005,20400000
Philippines,Robusta/Arabica,2807280000,2005,62400000
Tanzania,Arabica/Robusta,76425060,2005,2820000
Zambia,Arabica,991920,2005,36000
Cameroon,Robusta/Arabica,143450940,2005,4140000
Central African Republic,Robusta,24794400,2005,180000
Colombia,Arabica,2536776384,2005,72540000
Costa Rica,Arabica,665335200,2005,22500000
Côte d'Ivoire,Robusta,410260140,2005,19000020
Democratic Republic of Congo,Robusta/Arabica,359880000,2005,12000000
El Salvador,Arabica,417242040,2005,13446000
Equatorial Guinea,Robusta,0,2005,0
Ethiopia,Arabica,4536540000,2005,156540000
Gabon,Robusta,1123140,2005,18000
Ghana,Robusta,9970800,2005,95400
Guatemala,Arabica/Robusta,590880000,2005,18000000
Guinea,Robusta,86730000,2005,3000000
Guyana,Robusta,9203040,2005,336000
Honduras,Arabica,471850680,2005,13800000
India,Robusta/Arabica,2093460000,2005,74280000
Jamaica,Arabica,18688020,2005,540000
Kenya,Arabica,95190000,2005,3000000
Lao People's Democratic Republic,Robusta,157980000,2005,8400000
Liberia,Robusta,8640000,2005,300000
Mexico,Arabica/Robusta,3189660000,2005,103500000
Nepal,Arabica,0,2005,0
Nicaragua,Arabica,299700300,2005,11203140
Nigeria,Robusta,70740000,2005,2400000
Panama,Arabica,122916960,2005,4020000
Sierra Leone,Robusta,10080000,2005,300000
Sri Lanka,Robusta/Arabica,58300020,2005,1800000
Thailand,Robusta/Arabica,1248600000,2005,30000000
Togo,Robusta,2167620,2005,120000
Trinidad & Tobago,Robusta,21090000,2005,840000
Uganda,Robusta/Arabica,284816400,2005,9000000
Venezuela,Arabica,2386067999,2005,87390000
Viet Nam,Robusta/Arabica,1920928320,2005,48000000
Yemen,Arabica,121620000,2005,8280000
Angola,Robusta/Arabica,46500000,2006,1800000
Bolivia (Plurinational State of),Arabica,75180000,2006,2520000
Brazil,Arabica/Robusta,27824700000,2006,979860000
Burundi,Arabica/Robusta,3412020,2006,93600
Ecuador,Arabica/Robusta,381540000,2006,9000000
Indonesia,Robusta/Arabica,4920480000,2006,169980000
Madagascar,Robusta,588705960,2006,28020000
Malawi,Arabica,2340000,2006,60000
Papua New Guinea,Arabica/Robusta,3608400,2006,120000
Paraguay,Arabica,35100000,2006,1200000
Peru,Arabica,402000000,2006,13200000
Rwanda,Arabica,2139960,2006,60000
Timor-Leste,Arabica,294000,2006,0
Zimbabwe,Arabica,8595960,2006,240000
Congo,Robusta,5360040,2006,180000
Cuba,Arabica,384006000,2006,13440000
Dominican Republic,Arabica/Robusta,642823380,2006,22679880
Haiti,Arabica,600600000,2006,20400000
Philippines,Robusta/Arabica,2807280000,2006,63600000
Tanzania,Arabica/Robusta,76425060,2006,2820000
Zambia,Arabica,991920,2006,36000
Cameroon,Robusta/Arabica,143450940,2006,4140000
Central African Republic,Robusta,24794400,2006,180000
Colombia,Arabica,2536776384,2006,71677980
Costa Rica,Arabica,665335200,2006,22500000
Côte d'Ivoire,Robusta,410260140,2006,19000020
Democratic Republic of Congo,Robusta/Arabica,359880000,2006,12000000
El Salvador,Arabica,417242040,2006,15228000
Equatorial Guinea,Robusta,0,2006,0
Ethiopia,Arabica,4536540000,2006,164880000
Gabon,Robusta,1123140,2006,18000
Ghana,Robusta,9970800,2006,60000
Guatemala,Arabica/Robusta,590880000,2006,18000000
Guinea,Robusta,86730000,2006,3000000
Guyana,Robusta,9203040,2006,343020
Honduras,Arabica,471850680,2006,13800000
India,Robusta/Arabica,2093460000,2006,76500000
Jamaica,Arabica,18688020,2006,540000
Kenya,Arabica,95190000,2006,3000000
Lao People's Democratic Republic,Robusta,157980000,2006,8400000
Liberia,Robusta,8640000,2006,300000
Mexico,Arabica/Robusta,3189660000,2006,120000000
Nepal,Arabica,0,2006,0
Nicaragua,Arabica,299700300,2006,11351100
Nigeria,Robusta,70740000,2006,2400000
Panama,Arabica,122916960,2006,4020000
Sierra Leone,Robusta,10080000,2006,300000
Sri Lanka,Robusta/Arabica,58300020,2006,1800000
Thailand,Robusta/Arabica,1248600000,2006,30000000
Togo,Robusta,2167620,2006,120000
Trinidad & Tobago,Robusta,21090000,2006,660000
Uganda,Robusta/Arabica,284816400,2006,10500000
Venezuela,Arabica,2386067999,2006,91086600
Viet Nam,Robusta/Arabica,1920928320,2006,55020000
Yemen,Arabica,121620000,2006,8280000
Angola,Robusta/Arabica,46500000,2007,1800000
Bolivia (Plurinational State of),Arabica,75180000,2007,2610000
Brazil,Arabica/Robusta,27824700000,2007,1026600000
Burundi,Arabica/Robusta,3412020,2007,81420
Ecuador,Arabica/Robusta,381540000,2007,9000000
Indonesia,Robusta/Arabica,4920480000,2007,199980000
Madagascar,Robusta,588705960,2007,28020000
Malawi,Arabica,2340000,2007,60000
Papua New Guinea,Arabica/Robusta,3608400,2007,120000
Paraguay,Arabica,35100000,2007,1200000
Peru,Arabica,402000000,2007,13200000
Rwanda,Arabica,2139960,2007,60000
Timor-Leste,Arabica,294000,2007,0
Zimbabwe,Arabica,8595960,2007,240000
Congo,Robusta,5360040,2007,180000
Cuba,Arabica,384006000,2007,13440000
Dominican Republic,Arabica/Robusta,642823380,2007,22680000
Haiti,Arabica,600600000,2007,20400000
Philippines,Robusta/Arabica,2807280000,2007,63600000
Tanzania,Arabica/Robusta,76425060,2007,2820000
Zambia,Arabica,991920,2007,60000
Cameroon,Robusta/Arabica,143450940,2007,4140000
Central African Republic,Robusta,24794400,2007,199980
Colombia,Arabica,2536776384,2007,76855380
Costa Rica,Arabica,665335200,2007,22500000
Côte d'Ivoire,Robusta,410260140,2007,19020000
Democratic Republic of Congo,Robusta/Arabica,359880000,2007,12000000
El Salvador,Arabica,417242040,2007,15030000
Equatorial Guinea,Robusta,0,2007,0
Ethiopia,Arabica,4536540000,2007,173640000
Gabon,Robusta,1123140,2007,18000
Ghana,Robusta,9970800,2007,120000
Guatemala,Arabica/Robusta,590880000,2007,18000000
Guinea,Robusta,86730000,2007,3000000
Guyana,Robusta,9203040,2007,420000
Honduras,Arabica,471850680,2007,14700000
India,Robusta/Arabica,2093460000,2007,81000000
Jamaica,Arabica,18688020,2007,540000
Kenya,Arabica,95190000,2007,3000000
Lao People's Democratic Republic,Robusta,157980000,2007,8400000
Liberia,Robusta,8640000,2007,300000
Mexico,Arabica/Robusta,3189660000,2007,132000000
Nepal,Arabica,0,2007,0
Nicaragua,Arabica,299700300,2007,11498700
Nigeria,Robusta,70740000,2007,2400000
Panama,Arabica,122916960,2007,4020000
Sierra Leone,Robusta,10080000,2007,300000
Sri Lanka,Robusta/Arabica,58300020,2007,1800000
Thailand,Robusta/Arabica,1248600000,2007,33000000
Togo,Robusta,2167620,2007,120000
Trinidad & Tobago,Robusta,21090000,2007,660000
Uganda,Robusta/Arabica,284816400,2007,10815000
Venezuela,Arabica,2386067999,2007,94939800
Viet Nam,Robusta/Arabica,1920928320,2007,56280000
Yemen,Arabica,121620000,2007,7800000
Angola,Robusta/Arabica,46500000,2008,1800000
Bolivia (Plurinational State of),Arabica,75180000,2008,2700000
Brazil,Arabica/Robusta,27824700000,2008,1059600000
Burundi,Arabica/Robusta,3412020,2008,86100
Ecuador,Arabica/Robusta,381540000,2008,9000000
Indonesia,Robusta/Arabica,4920480000,2008,199980000
Madagascar,Robusta,588705960,2008,28020000
Malawi,Arabica,2340000,2008,60000
Papua New Guinea,Arabica/Robusta,3608400,2008,120000
Paraguay,Arabica,35100000,2008,1200000
Peru,Arabica,402000000,2008,15000000
Rwanda,Arabica,2139960,2008,60000
Timor-Leste,Arabica,294000,2008,0
Zimbabwe,Arabica,8595960,2008,240000
Congo,Robusta,5360040,2008,180000
Cuba,Arabica,384006000,2008,13200000
Dominican Republic,Arabica/Robusta,642823380,2008,22680000
Haiti,Arabica,600600000,2008,20400000
Philippines,Robusta/Arabica,2807280000,2008,103200000
Tanzania,Arabica/Robusta,76425060,2008,2820000
Zambia,Arabica,991920,2008,60000
Cameroon,Robusta/Arabica,143450940,2008,4140000
Central African Republic,Robusta,24794400,2008,300000
Colombia,Arabica,2536776384,2008,77430000
Costa Rica,Arabica,665335200,2008,16071540
Côte d'Ivoire,Robusta,410260140,2008,19020000
Democratic Republic of Congo,Robusta/Arabica,359880000,2008,12000000
El Salvador,Arabica,417242040,2008,14658000
Equatorial Guinea,Robusta,0,2008,0
Ethiopia,Arabica,4536540000,2008,182880000
Gabon,Robusta,1123140,2008,16500
Ghana,Robusta,9970800,2008,120000
Guatemala,Arabica/Robusta,590880000,2008,20100000
Guinea,Robusta,86730000,2008,3000000
Guyana,Robusta,9203040,2008,508020
Honduras,Arabica,471850680,2008,16099980
India,Robusta/Arabica,2093460000,2008,76500000
Jamaica,Arabica,18688020,2008,540000
Kenya,Arabica,95190000,2008,3000000
Lao People's Democratic Republic,Robusta,157980000,2008,9000000
Liberia,Robusta,8640000,2008,300000
Mexico,Arabica/Robusta,3189660000,2008,132000000
Nepal,Arabica,0,2008,0
Nicaragua,Arabica,299700300,2008,11648820
Nigeria,Robusta,70740000,2008,2400000
Panama,Arabica,122916960,2008,4020000
Sierra Leone,Robusta,10080000,2008,300000
Sri Lanka,Robusta/Arabica,58300020,2008,1800000
Thailand,Robusta/Arabica,1248600000,2008,36000000
Togo,Robusta,2167620,2008,120000
Trinidad & Tobago,Robusta,21090000,2008,660000
Uganda,Robusta/Arabica,284816400,2008,11100000
Venezuela,Arabica,2386067999,2008,98955600
Viet Nam,Robusta/Arabica,1920928320,2008,61260000
Yemen,Arabica,121620000,2008,7800000
Angola,Robusta/Arabica,46500000,2009,1800000
Bolivia (Plurinational State of),Arabica,75180000,2009,2760000
Brazil,Arabica/Robusta,27824700000,2009,1103400000
Burundi,Arabica/Robusta,3412020,2009,83940
Ecuador,Arabica/Robusta,381540000,2009,9000000
Indonesia,Robusta/Arabica,4920480000,2009,199980000
Madagascar,Robusta,588705960,2009,28020000
Malawi,Arabica,2340000,2009,60000
Papua New Guinea,Arabica/Robusta,3608400,2009,120000
Paraguay,Arabica,35100000,2009,1200000
Peru,Arabica,402000000,2009,15000000
Rwanda,Arabica,2139960,2009,60000
Timor-Leste,Arabica,294000,2009,0
Zimbabwe,Arabica,8595960,2009,240000
Congo,Robusta,5360040,2009,180000
Cuba,Arabica,384006000,2009,13200000
Dominican Republic,Arabica/Robusta,642823380,2009,22680000
Haiti,Arabica,600600000,2009,20400000
Philippines,Robusta/Arabica,2807280000,2009,109200000
Tanzania,Arabica/Robusta,76425060,2009,2820000
Zambia,Arabica,991920,2009,0
Cameroon,Robusta/Arabica,143450940,2009,4140000
Central African Republic,Robusta,24794400,2009,499980
Colombia,Arabica,2536776384,2009,76468740
Costa Rica,Arabica,665335200,2009,17726460
Côte d'Ivoire,Robusta,410260140,2009,19020000
Democratic Republic of Congo,Robusta/Arabica,359880000,2009,12000000
El Salvador,Arabica,417242040,2009,16098000
Equatorial Guinea,Robusta,0,2009,0
Ethiopia,Arabica,4536540000,2009,186540000
Gabon,Robusta,1123140,2009,15000
Ghana,Robusta,9970800,2009,120000
Guatemala,Arabica/Robusta,590880000,2009,19200000
Guinea,Robusta,86730000,2009,3000000
Guyana,Robusta,9203040,2009,493980
Honduras,Arabica,471850680,2009,18400020
India,Robusta/Arabica,2093460000,2009,79500000
Jamaica,Arabica,18688020,2009,540000
Kenya,Arabica,95190000,2009,3000000
Lao People's Democratic Republic,Robusta,157980000,2009,9000000
Liberia,Robusta,8640000,2009,300000
Mexico,Arabica/Robusta,3189660000,2009,132000000
Nepal,Arabica,0,2009,0
Nicaragua,Arabica,299700300,2009,11797320
Nigeria,Robusta,70740000,2009,2400000
Panama,Arabica,122916960,2009,4020000
Sierra Leone,Robusta,10080000,2009,300000
Sri Lanka,Robusta/Arabica,58300020,2009,1800000
Thailand,Robusta/Arabica,1248600000,2009,42000000
Togo,Robusta,2167620,2009,120000
Trinidad & Tobago,Robusta,21090000,2009,660000
Uganda,Robusta/Arabica,284816400,2009,11322000
Venezuela,Arabica,2386067999,2009,99000000
Viet Nam,Robusta/Arabica,1920928320,2009,72480000
Yemen,Arabica,121620000,2009,7800000
Angola,Robusta/Arabica,46500000,2010,1800000
Bolivia (Plurinational State of),Arabica,75180000,2010,2850000
Brazil,Arabica/Robusta,27824700000,2010,1147920000
Burundi,Arabica/Robusta,3412020,2010,120000
Ecuador,Arabica/Robusta,381540000,2010,9000000
Indonesia,Robusta/Arabica,4920480000,2010,199980000
Madagascar,Robusta,588705960,2010,28020000
Malawi,Arabica,2340000,2010,60000
Papua New Guinea,Arabica/Robusta,3608400,2010,85800
Paraguay,Arabica,35100000,2010,1200000
Peru,Arabica,402000000,2010,15000000
Rwanda,Arabica,2139960,2010,60000
Timor-Leste,Arabica,294000,2010,29400
Zimbabwe,Arabica,8595960,2010,240000
Congo,Robusta,5360040,2010,180000
Cuba,Arabica,384006000,2010,13200000
Dominican Republic,Arabica/Robusta,642823380,2010,22680000
Haiti,Arabica,600600000,2010,20400000
Philippines,Robusta/Arabica,2807280000,2010,127500000
Tanzania,Arabica/Robusta,76425060,2010,2820000
Zambia,Arabica,991920,2010,0
Cameroon,Robusta/Arabica,143450940,2010,4099980
Central African Republic,Robusta,24794400,2010,600000
Colombia,Arabica,2536776384,2010,78661440
Costa Rica,Arabica,665335200,2010,24433260
Côte d'Ivoire,Robusta,410260140,2010,19020000
Democratic Republic of Congo,Robusta/Arabica,359880000,2010,12000000
El Salvador,Arabica,417242040,2010,16560000
Equatorial Guinea,Robusta,0,2010,0
Ethiopia,Arabica,4536540000,2010,190260000
Gabon,Robusta,1123140,2010,56820
Ghana,Robusta,9970800,2010,120000
Guatemala,Arabica/Robusta,590880000,2010,20400000
Guinea,Robusta,86730000,2010,3000000
Guyana,Robusta,9203040,2010,510000
Honduras,Arabica,471850680,2010,20100000
India,Robusta/Arabica,2093460000,2010,79500000
Jamaica,Arabica,18688020,2010,540000
Kenya,Arabica,95190000,2010,3000000
Lao People's Democratic Republic,Robusta,157980000,2010,9000000
Liberia,Robusta,8640000,2010,300000
Mexico,Arabica/Robusta,3189660000,2010,141240000
Nepal,Arabica,0,2010,0
Nicaragua,Arabica,299700300,2010,12164700
Nigeria,Robusta,70740000,2010,2400000
Panama,Arabica,122916960,2010,4020000
Sierra Leone,Robusta,10080000,2010,300000
Sri Lanka,Robusta/Arabica,58300020,2010,2100000
Thailand,Robusta/Arabica,1248600000,2010,46500000
Togo,Robusta,2167620,2010,120000
Trinidad & Tobago,Robusta,21090000,2010,600000
Uganda,Robusta/Arabica,284816400,2010,12240000
Venezuela,Arabica,2386067999,2010,99000000
Viet Nam,Robusta/Arabica,1920928320,2010,94980000
Yemen,Arabica,121620000,2010,7800000
Angola,Robusta/Arabica,46500000,2011,1800000
Bolivia (Plurinational State of),Arabica,75180000,2011,2940000
Brazil,Arabica/Robusta,27824700000,2011,1183200000
Burundi,Arabica/Robusta,3412020,2011,120000
Ecuador,Arabica/Robusta,381540000,2011,9000000
Indonesia,Robusta/Arabica,4920480000,2011,220020000
Madagascar,Robusta,588705960,2011,27000000
Malawi,Arabica,2340000,2011,60000
Papua New Guinea,Arabica/Robusta,3608400,2011,74160
Paraguay,Arabica,35100000,2011,1200000
Peru,Arabica,402000000,2011,15000000
Rwanda,Arabica,2139960,2011,60000
Timor-Leste,Arabica,294000,2011,29400
Zimbabwe,Arabica,8595960,2011,240000
Congo,Robusta,5360040,2011,180000
Cuba,Arabica,384006000,2011,13200000
Dominican Republic,Arabica/Robusta,642823380,2011,22680000
Haiti,Arabica,600600000,2011,20400000
Philippines,Robusta/Arabica,2807280000,2011,130500000
Tanzania,Arabica/Robusta,76425060,2011,3537000
Zambia,Arabica,991920,2011,0
Cameroon,Robusta/Arabica,143450940,2011,4201020
Central African Republic,Robusta,24794400,2011,799980
Colombia,Arabica,2536776384,2011,86103900
Costa Rica,Arabica,665335200,2011,22853280
Côte d'Ivoire,Robusta,410260140,2011,19020000
Democratic Republic of Congo,Robusta/Arabica,359880000,2011,12000000
El Salvador,Arabica,417242040,2011,16404000
Equatorial Guinea,Robusta,0,2011,0
Ethiopia,Arabica,4536540000,2011,194100000
Gabon,Robusta,1123140,2011,61920
Ghana,Robusta,9970800,2011,120000
Guatemala,Arabica/Robusta,590880000,2011,21000000
Guinea,Robusta,86730000,2011,3000000
Guyana,Robusta,9203040,2011,516000
Honduras,Arabica,471850680,2011,20400000
India,Robusta/Arabica,2093460000,2011,79500000
Jamaica,Arabica,18688020,2011,540000
Kenya,Arabica,95190000,2011,3000000
Lao People's Democratic Republic,Robusta,157980000,2011,9000000
Liberia,Robusta,8640000,2011,300000
Mexico,Arabica/Robusta,3189660000,2011,141240000
Nepal,Arabica,0,2011,0
Nicaragua,Arabica,299700300,2011,12315660
Nigeria,Robusta,70740000,2011,2400000
Panama,Arabica,122916960,2011,4020000
Sierra Leone,Robusta,10080000,2011,300000
Sri Lanka,Robusta/Arabica,58300020,2011,2100000
Thailand,Robusta/Arabica,1248600000,2011,66000000
Togo,Robusta,2167620,2011,12600
Trinidad & Tobago,Robusta,21090000,2011,600000
Uganda,Robusta/Arabica,284816400,2011,12600000
Venezuela,Arabica,2386067999,2011,99000000
Viet Nam,Robusta/Arabica,1920928320,2011,99000000
Yemen,Arabica,121620000,2011,7800000
Angola,Robusta/Arabica,46500000,2012,1800000
Bolivia (Plurinational State of),Arabica,75180000,2012,3030000
Brazil,Arabica/Robusta,27824700000,2012,1219800000
Burundi,Arabica/Robusta,3412020,2012,120000
Ecuador,Arabica/Robusta,381540000,2012,9000000
Indonesia,Robusta/Arabica,4920480000,2012,234000000
Madagascar,Robusta,588705960,2012,25800000
Malawi,Arabica,2340000,2012,60000
Papua New Guinea,Arabica/Robusta,3608400,2012,102660
Paraguay,Arabica,35100000,2012,1200000
Peru,Arabica,402000000,2012,15000000
Rwanda,Arabica,2139960,2012,60000
Timor-Leste,Arabica,294000,2012,29400
Zimbabwe,Arabica,8595960,2012,240000
Congo,Robusta,5360040,2012,180000
Cuba,Arabica,384006000,2012,13200000
Dominican Republic,Arabica/Robusta,642823380,2012,22680000
Haiti,Arabica,600600000,2012,20400000
Philippines,Robusta/Arabica,2807280000,2012,139500000
Tanzania,Arabica/Robusta,76425060,2012,4302000
Zambia,Arabica,991920,2012,0
Cameroon,Robusta/Arabica,143450940,2012,4303980
Central African Republic,Robusta,24794400,2012,1000020
Colombia,Arabica,2536776384,2012,90854520
Costa Rica,Arabica,665335200,2012,25385820
Côte d'Ivoire,Robusta,410260140,2012,19020000
Democratic Republic of Congo,Robusta/Arabica,359880000,2012,12000000
El Salvador,Arabica,417242040,2012,16596000
Equatorial Guinea,Robusta,0,2012,0
Ethiopia,Arabica,4536540000,2012,197940000
Gabon,Robusta,1123140,2012,58020
Ghana,Robusta,9970800,2012,120000
Guatemala,Arabica/Robusta,590880000,2012,21600000
Guinea,Robusta,86730000,2012,3000000
Guyana,Robusta,9203040,2012,522000
Honduras,Arabica,471850680,2012,20700000
India,Robusta/Arabica,2093460000,2012,82500000
Jamaica,Arabica,18688020,2012,540000
Kenya,Arabica,95190000,2012,3000000
Lao People's Democratic Republic,Robusta,157980000,2012,9000000
Liberia,Robusta,8640000,2012,300000
Mexico,Arabica/Robusta,3189660000,2012,141240000
Nepal,Arabica,0,2012,0
Nicaragua,Arabica,299700300,2012,12471840
Nigeria,Robusta,70740000,2012,2400000
Panama,Arabica,122916960,2012,4020000
Sierra Leone,Robusta,10080000,2012,300000
Sri Lanka,Robusta/Arabica,58300020,2012,2100000
Thailand,Robusta/Arabica,1248600000,2012,67800000
Togo,Robusta,2167620,2012,14520
Trinidad & Tobago,Robusta,21090000,2012,600000
Uganda,Robusta/Arabica,284816400,2012,12960000
Venezuela,Arabica,2386067999,2012,99000000
Viet Nam,Robusta/Arabica,1920928320,2012,109500000
Yemen,Arabica,121620000,2012,7800000
Angola,Robusta/Arabica,46500000,2013,1800000
Bolivia (Plurinational State of),Arabica,75180000,2013,3120000
Brazil,Arabica/Robusta,27824700000,2013,1205100000
Burundi,Arabica/Robusta,3412020,2013,120000
Ecuador,Arabica/Robusta,381540000,2013,9300000
Indonesia,Robusta/Arabica,4920480000,2013,255000000
Madagascar,Robusta,588705960,2013,24600000
Malawi,Arabica,2340000,2013,60000
Papua New Guinea,Arabica/Robusta,3608400,2013,122340
Paraguay,Arabica,35100000,2013,1200000
Peru,Arabica,402000000,2013,15000000
Rwanda,Arabica,2139960,2013,60000
Timor-Leste,Arabica,294000,2013,29400
Zimbabwe,Arabica,8595960,2013,240000
Congo,Robusta,5360040,2013,180000
Cuba,Arabica,384006000,2013,13200000
Dominican Republic,Arabica/Robusta,642823380,2013,22999980
Haiti,Arabica,600600000,2013,20400000
Philippines,Robusta/Arabica,2807280000,2013,153000000
Tanzania,Arabica/Robusta,76425060,2013,4408020
Zambia,Arabica,991920,2013,0
Cameroon,Robusta/Arabica,143450940,2013,4408980
Central African Republic,Robusta,24794400,2013,1200000
Colombia,Arabica,2536776384,2013,97021200
Costa Rica,Arabica,665335200,2013,20103600
Côte d'Ivoire,Robusta,410260140,2013,19020000
Democratic Republic of Congo,Robusta/Arabica,359880000,2013,12000000
El Salvador,Arabica,417242040,2013,16500000
Equatorial Guinea,Robusta,0,2013,0
Ethiopia,Arabica,4536540000,2013,201900000
Gabon,Robusta,1123140,2013,34980
Ghana,Robusta,9970800,2013,120000
Guatemala,Arabica/Robusta,590880000,2013,22200000
Guinea,Robusta,86730000,2013,3000000
Guyana,Robusta,9203040,2013,528000
Honduras,Arabica,471850680,2013,21000000
India,Robusta/Arabica,2093460000,2013,84000000
Jamaica,Arabica,18688020,2013,540000
Kenya,Arabica,95190000,2013,3300000
Lao People's Democratic Republic,Robusta,157980000,2013,9000000
Liberia,Robusta,8640000,2013,300000
Mexico,Arabica/Robusta,3189660000,2013,139260000
Nepal,Arabica,0,2013,0
Nicaragua,Arabica,299700300,2013,12573660
Nigeria,Robusta,70740000,2013,2400000
Panama,Arabica,122916960,2013,4020000
Sierra Leone,Robusta,10080000,2013,300000
Sri Lanka,Robusta/Arabica,58300020,2013,2100000
Thailand,Robusta/Arabica,1248600000,2013,72000000
Togo,Robusta,2167620,2013,14280
Trinidad & Tobago,Robusta,21090000,2013,600000
Uganda,Robusta/Arabica,284816400,2013,13248000
Venezuela,Arabica,2386067999,2013,99000000
Viet Nam,Robusta/Arabica,1920928320,2013,120000000
Yemen,Arabica,121620000,2013,7800000
Angola,Robusta/Arabica,46500000,2014,1800000
Bolivia (Plurinational State of),Arabica,75180000,2014,3210000
Brazil,Arabica/Robusta,27824700000,2014,1219980000
Burundi,Arabica/Robusta,3412020,2014,120000
Ecuador,Arabica/Robusta,381540000,2014,9300000
Indonesia,Robusta/Arabica,4920480000,2014,265020000
Madagascar,Robusta,588705960,2014,23400000
Malawi,Arabica,2340000,2014,60000
Papua New Guinea,Arabica/Robusta,3608400,2014,115440
Paraguay,Arabica,35100000,2014,1200000
Peru,Arabica,402000000,2014,15000000
Rwanda,Arabica,2139960,2014,60000
Timor-Leste,Arabica,294000,2014,29400
Zimbabwe,Arabica,8595960,2014,240000
Congo,Robusta,5360040,2014,180000
Cuba,Arabica,384006000,2014,13200000
Dominican Republic,Arabica/Robusta,642823380,2014,23280000
Haiti,Arabica,600600000,2014,20400000
Philippines,Robusta/Arabica,2807280000,2014,168000000
Tanzania,Arabica/Robusta,76425060,2014,4603020
Zambia,Arabica,991920,2014,0
Cameroon,Robusta/Arabica,143450940,2014,4519020
Central African Republic,Robusta,24794400,2014,1200000
Colombia,Arabica,2536776384,2014,99927060
Costa Rica,Arabica,665335200,2014,22844520
Côte d'Ivoire,Robusta,410260140,2014,19020000
Democratic Republic of Congo,Robusta/Arabica,359880000,2014,12000000
El Salvador,Arabica,417242040,2014,16800000
Equatorial Guinea,Robusta,0,2014,0
Ethiopia,Arabica,4536540000,2014,205980000
Gabon,Robusta,1123140,2014,31020
Ghana,Robusta,9970800,2014,120000
Guatemala,Arabica/Robusta,590880000,2014,22800000
Guinea,Robusta,86730000,2014,3000000
Guyana,Robusta,9203040,2014,534000
Honduras,Arabica,471850680,2014,21300000
India,Robusta/Arabica,2093460000,2014,85800000
Jamaica,Arabica,18688020,2014,540000
Kenya,Arabica,95190000,2014,3300000
Lao People's Democratic Republic,Robusta,157980000,2014,9000000
Liberia,Robusta,8640000,2014,300000
Mexico,Arabica/Robusta,3189660000,2014,140820000
Nepal,Arabica,0,2014,0
Nicaragua,Arabica,299700300,2014,12704520
Nigeria,Robusta,70740000,2014,2400000
Panama,Arabica,122916960,2014,4020000
Sierra Leone,Robusta,10080000,2014,300000
Sri Lanka,Robusta/Arabica,58300020,2014,2100000
Thailand,Robusta/Arabica,1248600000,2014,75000000
Togo,Robusta,2167620,2014,11700
Trinidad & Tobago,Robusta,21090000,2014,600000
Uganda,Robusta/Arabica,284816400,2014,13752000
Venezuela,Arabica,2386067999,2014,99000000
Viet Nam,Robusta/Arabica,1920928320,2014,132000000
Yemen,Arabica,121620000,2014,7500000
Angola,Robusta/Arabica,46500000,2015,1800000
Bolivia (Plurinational State of),Arabica,75180000,2015,3300000
Brazil,Arabica/Robusta,27824700000,2015,1230480000
Burundi,Arabica/Robusta,3412020,2015,120000
Ecuador,Arabica/Robusta,381540000,2015,9300000
Indonesia,Robusta/Arabica,4920480000,2015,273000000
Madagascar,Robusta,588705960,2015,22200000
Malawi,Arabica,2340000,2015,60000
Papua New Guinea,Arabica/Robusta,3608400,2015,108000
Paraguay,Arabica,35100000,2015,1200000
Peru,Arabica,402000000,2015,15000000
Rwanda,Arabica,2139960,2015,60000
Timor-Leste,Arabica,294000,2015,29400
Zimbabwe,Arabica,8595960,2015,240000
Congo,Robusta,5360040,2015,180000
Cuba,Arabica,384006000,2015,13200000
Dominican Republic,Arabica/Robusta,642823380,2015,23280000
Haiti,Arabica,600600000,2015,20400000
Philippines,Robusta/Arabica,2807280000,2015,180000000
Tanzania,Arabica/Robusta,76425060,2015,5523000
Zambia,Arabica,991920,2015,0
Cameroon,Robusta/Arabica,143450940,2015,4560000
Central African Republic,Robusta,24794400,2015,1200000
Colombia,Arabica,2536776384,2015,103222380
Costa Rica,Arabica,665335200,2015,26929260
Côte d'Ivoire,Robusta,410260140,2015,19020000
Democratic Republic of Congo,Robusta/Arabica,359880000,2015,12000000
El Salvador,Arabica,417242040,2015,17100000
Equatorial Guinea,Robusta,0,2015,0
Ethiopia,Arabica,4536540000,2015,210060000
Gabon,Robusta,1123140,2015,30000
Ghana,Robusta,9970800,2015,120000
Guatemala,Arabica/Robusta,590880000,2015,23400000
Guinea,Robusta,86730000,2015,3000000
Guyana,Robusta,9203040,2015,540000
Honduras,Arabica,471850680,2015,21900000
India,Robusta/Arabica,2093460000,2015,87000000
Jamaica,Arabica,18688020,2015,540000
Kenya,Arabica,95190000,2015,3600000
Lao People's Democratic Republic,Robusta,157980000,2015,9000000
Liberia,Robusta,8640000,2015,300000
Mexico,Arabica/Robusta,3189660000,2015,139740000
Nepal,Arabica,0,2015,0
Nicaragua,Arabica,299700300,2015,12836760
Nigeria,Robusta,70740000,2015,2400000
Panama,Arabica,122916960,2015,4020000
Sierra Leone,Robusta,10080000,2015,300000
Sri Lanka,Robusta/Arabica,58300020,2015,2100000
Thailand,Robusta/Arabica,1248600000,2015,78000000
Togo,Robusta,2167620,2015,13200
Trinidad & Tobago,Robusta,21090000,2015,600000
Uganda,Robusta/Arabica,284816400,2015,14040000
Venezuela,Arabica,2386067999,2015,99000000
Viet Nam,Robusta/Arabica,1920928320,2015,138000000
Yemen,Arabica,121620000,2015,6900000
Angola,Robusta/Arabica,46500000,2016,1800000
Bolivia (Plurinational State of),Arabica,75180000,2016,3420000
Brazil,Arabica/Robusta,27824700000,2016,1273500000
Burundi,Arabica/Robusta,3412020,2016,120000
Ecuador,Arabica/Robusta,381540000,2016,9300000
Indonesia,Robusta/Arabica,4920480000,2016,279000000
Madagascar,Robusta,588705960,2016,21600000
Malawi,Arabica,2340000,2016,60000
Papua New Guinea,Arabica/Robusta,3608400,2016,120000
Paraguay,Arabica,35100000,2016,1200000
Peru,Arabica,402000000,2016,15000000
Rwanda,Arabica,2139960,2016,60000
Timor-Leste,Arabica,294000,2016,29400
Zimbabwe,Arabica,8595960,2016,240000
Congo,Robusta,5360040,2016,180000
Cuba,Arabica,384006000,2016,13200000
Dominican Republic,Arabica/Robusta,642823380,2016,23400000
Haiti,Arabica,600600000,2016,20400000
Philippines,Robusta/Arabica,2807280000,2016,181800000
Tanzania,Arabica/Robusta,76425060,2016,5478000
Zambia,Arabica,991920,2016,0
Cameroon,Robusta/Arabica,143450940,2016,4620000
Central African Republic,Robusta,24794400,2016,1200000
Colombia,Arabica,2536776384,2016,104186484
Costa Rica,Arabica,665335200,2016,19767420
Côte d'Ivoire,Robusta,410260140,2016,19020000
Democratic Republic of Congo,Robusta/Arabica,359880000,2016,12000000
El Salvador,Arabica,417242040,2016,17520000
Equatorial Guinea,Robusta,0,2016,0
Ethiopia,Arabica,4536540000,2016,214260000
Gabon,Robusta,1123140,2016,30000
Ghana,Robusta,9970800,2016,120000
Guatemala,Arabica/Robusta,590880000,2016,23400000
Guinea,Robusta,86730000,2016,3000000
Guyana,Robusta,9203040,2016,540000
Honduras,Arabica,471850680,2016,22200000
India,Robusta/Arabica,2093460000,2016,86400000
Jamaica,Arabica,18688020,2016,540000
Kenya,Arabica,95190000,2016,3600000
Lao People's Democratic Republic,Robusta,157980000,2016,9000000
Liberia,Robusta,8640000,2016,300000
Mexico,Arabica/Robusta,3189660000,2016,141600000
Nepal,Arabica,0,2016,0
Nicaragua,Arabica,299700300,2016,13003680
Nigeria,Robusta,70740000,2016,2400000
Panama,Arabica,122916960,2016,4020000
Sierra Leone,Robusta,10080000,2016,300000
Sri Lanka,Robusta/Arabica,58300020,2016,2100000
Thailand,Robusta/Arabica,1248600000,2016,81000000
Togo,Robusta,2167620,2016,15240
Trinidad & Tobago,Robusta,21090000,2016,600000
Uganda,Robusta/Arabica,284816400,2016,14400000
Venezuela,Arabica,2386067999,2016,99000000
Viet Nam,Robusta/Arabica,1920928320,2016,144000000
Yemen,Arabica,121620000,2016,6000000
Angola,Robusta/Arabica,46500000,2017,1800000
Bolivia (Plurinational State of),Arabica,75180000,2017,3510000
Brazil,Arabica/Robusta,27824700000,2017,1319820000
Burundi,Arabica/Robusta,3412020,2017,120000
Ecuador,Arabica/Robusta,381540000,2017,9300000
Indonesia,Robusta/Arabica,4920480000,2017,285000000
Madagascar,Robusta,588705960,2017,21900000
Malawi,Arabica,2340000,2017,60000
Papua New Guinea,Arabica/Robusta,3608400,2017,120000
Paraguay,Arabica,35100000,2017,1200000
Peru,Arabica,402000000,2017,15000000
Rwanda,Arabica,2139960,2017,60000
Timor-Leste,Arabica,294000,2017,29400
Zimbabwe,Arabica,8595960,2017,240000
Congo,Robusta,5360040,2017,180000
Cuba,Arabica,384006000,2017,13200000
Dominican Republic,Arabica/Robusta,642823380,2017,23400000
Haiti,Arabica,600600000,2017,20400000
Philippines,Robusta/Arabica,2807280000,2017,190800000
Tanzania,Arabica/Robusta,76425060,2017,5500020
Zambia,Arabica,991920,2017,0
Cameroon,Robusta/Arabica,143450940,2017,4680000
Central African Republic,Robusta,24794400,2017,1200000
Colombia,Arabica,2536776384,2017,107596260
Costa Rica,Arabica,665335200,2017,21200040
Côte d'Ivoire,Robusta,410260140,2017,19020000
Democratic Republic of Congo,Robusta/Arabica,359880000,2017,12000000
El Salvador,Arabica,417242040,2017,18000000
Equatorial Guinea,Robusta,0,2017,0
Ethiopia,Arabica,4536540000,2017,218580000
Gabon,Robusta,1123140,2017,30000
Ghana,Robusta,9970800,2017,120000
Guatemala,Arabica/Robusta,590880000,2017,23700000
Guinea,Robusta,86730000,2017,3000000
Guyana,Robusta,9203040,2017,540000
Honduras,Arabica,471850680,2017,22500000
India,Robusta/Arabica,2093460000,2017,88200000
Jamaica,Arabica,18688020,2017,540000
Kenya,Arabica,95190000,2017,3900000
Lao People's Democratic Republic,Robusta,157980000,2017,9300000
Liberia,Robusta,8640000,2017,300000
Mexico,Arabica/Robusta,3189660000,2017,144000000
Nepal,Arabica,0,2017,0
Nicaragua,Arabica,299700300,2017,13080000
Nigeria,Robusta,70740000,2017,2400000
Panama,Arabica,122916960,2017,4020000
Sierra Leone,Robusta,10080000,2017,300000
Sri Lanka,Robusta/Arabica,58300020,2017,2100000
Thailand,Robusta/Arabica,1248600000,2017,82500000
Togo,Robusta,2167620,2017,15240
Trinidad & Tobago,Robusta,21090000,2017,600000
Uganda,Robusta/Arabica,284816400,2017,14688000
Venezuela,Arabica,2386067999,2017,96000000
Viet Nam,Robusta/Arabica,1920928320,2017,150000000
Yemen,Arabica,121620000,2017,5400000
Angola,Robusta/Arabica,46500000,2018,1800000
Bolivia (Plurinational State of),Arabica,75180000,2018,3600000
Brazil,Arabica/Robusta,27824700000,2018,1332000000
Burundi,Arabica/Robusta,3412020,2018,120000
Ecuador,Arabica/Robusta,381540000,2018,9300000
Indonesia,Robusta/Arabica,4920480000,2018,288000000
Madagascar,Robusta,588705960,2018,22500000
Malawi,Arabica,2340000,2018,60000
Papua New Guinea,Arabica/Robusta,3608400,2018,120000
Paraguay,Arabica,35100000,2018,1200000
Peru,Arabica,402000000,2018,15000000
Rwanda,Arabica,2139960,2018,60000
Timor-Leste,Arabica,294000,2018,29400
Zimbabwe,Arabica,8595960,2018,240000
Congo,Robusta,5360040,2018,180000
Cuba,Arabica,384006000,2018,13200000
Dominican Republic,Arabica/Robusta,642823380,2018,23400000
Haiti,Arabica,600600000,2018,20700000
Philippines,Robusta/Arabica,2807280000,2018,198000000
Tanzania,Arabica/Robusta,76425060,2018,5520000
Zambia,Arabica,991920,2018,0
Cameroon,Robusta/Arabica,143450940,2018,4680000
Central African Republic,Robusta,24794400,2018,1200000
Colombia,Arabica,2536776384,2018,107484600
Costa Rica,Arabica,665335200,2018,21900000
Côte d'Ivoire,Robusta,410260140,2018,19020000
Democratic Republic of Congo,Robusta/Arabica,359880000,2018,12000000
El Salvador,Arabica,417242040,2018,18000000
Equatorial Guinea,Robusta,0,2018,0
Ethiopia,Arabica,4536540000,2018,221100000
Gabon,Robusta,1123140,2018,30000
Ghana,Robusta,9970800,2018,120000
Guatemala,Arabica/Robusta,590880000,2018,23700000
Guinea,Robusta,86730000,2018,3000000
Guyana,Robusta,9203040,2018,540000
Honduras,Arabica,471850680,2018,22500000
India,Robusta/Arabica,2093460000,2018,88500000
Jamaica,Arabica,18688020,2018,540000
Kenya,Arabica,95190000,2018,4200000
Lao People's Democratic Republic,Robusta,157980000,2018,9300000
Liberia,Robusta,8640000,2018,300000
Mexico,Arabica/Robusta,3189660000,2018,147000000
Nepal,Arabica,0,2018,0
Nicaragua,Arabica,299700300,2018,13200000
Nigeria,Robusta,70740000,2018,2400000
Panama,Arabica,122916960,2018,4020000
Sierra Leone,Robusta,10080000,2018,300000
Sri Lanka,Robusta/Arabica,58300020,2018,2100000
Thailand,Robusta/Arabica,1248600000,2018,84000000
Togo,Robusta,2167620,2018,15240
Trinidad & Tobago,Robusta,21090000,2018,600000
Uganda,Robusta/Arabica,284816400,2018,15000000
Venezuela,Arabica,2386067999,2018,93000000
Viet Nam,Robusta/Arabica,1920928320,2018,156000000
Yemen,Arabica,121620000,2018,3900000
Angola,Robusta/Arabica,46500000,2019,1800000
Bolivia (Plurinational State of),Arabica,75180000,2019,3660000
Brazil,Arabica/Robusta,27824700000,2019,1320000000
Burundi,Arabica/Robusta,3412020,2019,120000
Ecuador,Arabica/Robusta,381540000,2019,8940000
Indonesia,Robusta/Arabica,4920480000,2019,288360000
Madagascar,Robusta,588705960,2019,22500000
Malawi,Arabica,2340000,2019,60000
Papua New Guinea,Arabica/Robusta,3608400,2019,120000
Paraguay,Arabica,35100000,2019,1200000
Peru,Arabica,402000000,2019,15000000
Rwanda,Arabica,2139960,2019,60000
Timor-Leste,Arabica,294000,2019,29400
Zimbabwe,Arabica,8595960,2019,240000
Congo,Robusta,5360040,2019,180000
Cuba,Arabica,384006000,2019,12960000
Dominican Republic,Arabica/Robusta,642823380,2019,22620000
Haiti,Arabica,600600000,2019,20700000
Philippines,Robusta/Arabica,2807280000,2019,195000000
Tanzania,Arabica/Robusta,76425060,2019,5700000
Zambia,Arabica,991920,2019,0
Cameroon,Robusta/Arabica,143450940,2019,4620000
Central African Republic,Robusta,24794400,2019,1200000
Colombia,Arabica,2536776384,2019,121486440
Costa Rica,Arabica,665335200,2019,21120000
Côte d'Ivoire,Robusta,410260140,2019,19020000
Democratic Republic of Congo,Robusta/Arabica,359880000,2019,11880000
El Salvador,Arabica,417242040,2019,17520000
Equatorial Guinea,Robusta,0,2019,0
Ethiopia,Arabica,4536540000,2019,226860000
Gabon,Robusta,1123140,2019,30000
Ghana,Robusta,9970800,2019,120000
Guatemala,Arabica/Robusta,590880000,2019,23580000
Guinea,Robusta,86730000,2019,3000000
Guyana,Robusta,9203040,2019,540000
Honduras,Arabica,471850680,2019,21000000
India,Robusta/Arabica,2093460000,2019,87000000
Jamaica,Arabica,18688020,2019,540000
Kenya,Arabica,95190000,2019,4290000
Lao People's Democratic Republic,Robusta,157980000,2019,9420000
Liberia,Robusta,8640000,2019,300000
Mexico,Arabica/Robusta,3189660000,2019,145500000
Nepal,Arabica,0,2019,0
Nicaragua,Arabica,299700300,2019,12600000
Nigeria,Robusta,70740000,2019,2400000
Panama,Arabica,122916960,2019,4020000
Sierra Leone,Robusta,10080000,2019,300000
Sri Lanka,Robusta/Arabica,58300020,2019,2100000
Thailand,Robusta/Arabica,1248600000,2019,84000000
Togo,Robusta,2167620,2019,15600
Trinidad & Tobago,Robusta,21090000,2019,600000
Uganda,Robusta/Arabica,284816400,2019,15240000
Venezuela,Arabica,2386067999,2019,76500000
Viet Nam,Robusta/Arabica,1920928320,2019,159000000
Yemen,Arabica,121620000,2019,3840000
